{"Super Missile":{"sizeZ":8.585866928100586,"stepZ":8.785866928100586,"stepX":10.830661010742187,"sizeY":10.630661010742188,"sizeX":36.483585357666019,"u45":5.590879440307617},"Shadow":{"sizeZ":6.863417625427246,"stepZ":7.063417625427246,"stepX":6.236797046661377,"sizeY":6.036797046661377,"sizeX":24.549325942993165,"u45":3.0183985233306886},"Mega Cannon":{"sizeZ":22.839412689208986,"stepZ":23.039412689208985,"stepX":10.22178382873535,"sizeY":10.021783828735352,"sizeX":5.9716644287109379,"u45":5.01088809967041},"Venom":{"sizeZ":6.390345573425293,"stepZ":6.590345573425293,"stepX":5.970575523376465,"sizeY":5.770575523376465,"sizeX":37.84627914428711,"u45":2.2243685722351076},"The Needle":{"sizeZ":6.282784938812256,"stepZ":6.482784938812256,"stepX":5.646728229522705,"sizeY":5.446728229522705,"sizeX":29.662979125976564,"u45":1.823371171951294},"Uncle Sam":{"sizeZ":11.228389739990235,"stepZ":11.428389739990234,"stepX":5.004233551025391,"sizeY":4.804233551025391,"sizeX":24.22062873840332,"u45":2.3387560844421388},"Flamebolt":{"sizeZ":7.966869831085205,"stepZ":8.166869831085205,"stepX":7.099511337280274,"sizeY":6.899511337280273,"sizeX":34.200721740722659,"u45":2.449756622314453},"Fury":{"sizeZ":4.571342945098877,"stepZ":4.771342945098877,"stepX":4.164610099792481,"sizeY":3.9646100997924806,"sizeX":19.638389587402345,"u45":1.434262752532959},"Firework Cannon":{"sizeZ":17.970542907714845,"stepZ":18.170542907714844,"stepX":8.36448402404785,"sizeY":8.164484024047852,"sizeX":4.836084365844727,"u45":4.322613716125488},"Nighthawk":{"sizeZ":4.571342945098877,"stepZ":4.771342945098877,"stepX":4.164610099792481,"sizeY":3.9646100997924806,"sizeX":19.638397216796876,"u45":1.434262752532959},"Super Cannon":{"sizeZ":18.496238708496095,"stepZ":18.696238708496094,"stepX":8.316024017333984,"sizeY":8.116024017333985,"sizeX":4.836084365844727,"u45":4.058009147644043},"Enforcer":{"sizeZ":15.26742172241211,"stepZ":15.467421722412109,"stepX":15.218144607543945,"sizeY":15.018144607543946,"sizeX":39.33612823486328,"u45":6.209084510803223},"Bunker Buster":{"sizeZ":10.337905883789063,"stepZ":10.537905883789062,"stepX":10.537906837463379,"sizeY":10.337906837463379,"sizeX":27.78246307373047,"u45":5.1689534187316898},"Sunspear":{"sizeZ":5.063712120056152,"stepZ":5.2637121200561529,"stepX":4.841763210296631,"sizeY":4.641763210296631,"sizeX":31.83957862854004,"u45":2.3208816051483156},"Falcon":{"sizeZ":3.009115695953369,"stepZ":3.2091156959533695,"stepX":2.80597038269043,"sizeY":2.6059703826904299,"sizeX":15.936610221862793,"u45":1.3029851913452149},"Beetle":{"sizeZ":2.840061664581299,"stepZ":3.040061664581299,"stepX":2.6598159790039066,"sizeY":2.4598159790039064,"sizeX":14.80216121673584,"u45":1.2299079895019532},"Purple Phantom":{"sizeZ":2.0251736640930177,"stepZ":2.2251736640930179,"stepX":2.0867073059082035,"sizeY":1.8867073059082032,"sizeX":18.404850006103517,"u45":0.943354606628418},"Viper":{"sizeZ":4.136734962463379,"stepZ":4.336734962463379,"stepX":4.3010093688964849,"sizeY":4.101009368896484,"sizeX":33.53413009643555,"u45":2.050497055053711},"Good Cannon":{"sizeZ":14.636075973510743,"stepZ":14.836075973510742,"stepX":6.62220401763916,"sizeY":6.42220401763916,"sizeX":3.826791763305664,"u45":3.2111010551452638},"Frozone":{"sizeZ":4.339613914489746,"stepZ":4.539613914489746,"stepX":3.6569008350372318,"sizeY":3.4569008350372316,"sizeX":34.085166931152347,"u45":1.7284504175186158},"Bullet Missile":{"sizeZ":13.797144889831543,"stepZ":13.997144889831543,"stepX":8.177789878845215,"sizeY":7.977789878845215,"sizeX":23.364601135253908,"u45":3.9888949394226076},"Silvershot":{"sizeZ":3.009115695953369,"stepZ":3.2091156959533695,"stepX":2.80597038269043,"sizeY":2.6059703826904299,"sizeX":15.936614036560059,"u45":1.3029851913452149},"Javelin":{"sizeZ":4.910261631011963,"stepZ":5.110261631011963,"stepX":5.110263061523438,"sizeY":4.9102630615234379,"sizeX":26.43967056274414,"u45":2.4551315307617189},"Crimson Comet":{"sizeZ":6.097198009490967,"stepZ":6.297198009490967,"stepX":5.480328750610352,"sizeY":5.280328750610352,"sizeX":33.19481658935547,"u45":2.640164375305176},"Blue Bolt":{"sizeZ":5.7224202156066898,"stepZ":5.92242021560669,"stepX":5.603837680816651,"sizeY":5.40383768081665,"sizeX":27.822473526000978,"u45":1.8068840503692628},"Hellstone Cannon":{"sizeZ":22.839412689208986,"stepZ":23.039412689208985,"stepX":10.221781921386718,"sizeY":10.021781921386719,"sizeX":5.9716644287109379,"u45":5.010887145996094},"Doomsday":{"sizeZ":11.05557632446289,"stepZ":11.25557632446289,"stepX":11.255583953857422,"sizeY":11.055583953857422,"sizeX":25.778419494628908,"u45":5.527795791625977},"Patriot":{"sizeZ":6.863417625427246,"stepZ":7.063417625427246,"stepX":6.236797046661377,"sizeY":6.036797046661377,"sizeX":24.549325942993165,"u45":3.0183985233306886},"Stinger":{"sizeZ":2.840061664581299,"stepZ":3.040061664581299,"stepX":2.6598159790039066,"sizeY":2.4598159790039064,"sizeX":14.802153587341309,"u45":1.2299079895019532},"Colossal":{"sizeZ":8.605024337768555,"stepZ":8.805024337768554,"stepX":8.804976654052734,"sizeY":8.604976654052735,"sizeX":27.33224868774414,"u45":4.302488327026367},"Goliath":{"sizeZ":6.390147686004639,"stepZ":6.590147686004639,"stepX":5.734030914306641,"sizeY":5.534030914306641,"sizeX":34.37800598144531,"u45":2.7670154571533205}}